{"stats":{"minecraft:picked_up":{"gravestone:obituary":1},"minecraft:custom":{"minecraft:jump":138,"minecraft:time_since_rest":27286,"minecraft:leave_game":1,"minecraft:damage_dealt":100,"minecraft:crouch_one_cm":7,"minecraft:walk_on_water_one_cm":320,"minecraft:sprint_one_cm":37918,"minecraft:play_time":27286,"minecraft:time_since_death":27286,"minecraft:walk_one_cm":44704,"minecraft:sneak_time":17,"minecraft:climb_one_cm":236,"minecraft:total_world_time":27286,"minecraft:walk_under_water_one_cm":272,"minecraft:drop":3,"minecraft:fly_one_cm":16364},"minecraft:dropped":{"chococraft:gold_chocobo_spawn_egg":1,"gravestone:obituary":1,"chococraft:chocobo_saddle":1},"minecraft:used":{"creeperoverhaul:badlands_creeper_spawn_egg":1,"minecraft:villager_spawn_egg":1}},"DataVersion":3465}