{"stats":{"minecraft:picked_up":{"chococraft:gysahl_green_seeds":2,"minecraft:rotten_flesh":1},"minecraft:used":{"mowziesmobs:naga_spawn_egg":1,"mutantmonsters:spider_pig_spawn_egg":1,"minecraft:dirt":1},"minecraft:custom":{"minecraft:jump":73,"minecraft:time_since_rest":55363,"minecraft:leave_game":2,"minecraft:crouch_one_cm":235,"minecraft:time_since_death":55363,"minecraft:play_time":55363,"minecraft:sprint_one_cm":13916,"minecraft:walk_one_cm":30070,"minecraft:walk_on_water_one_cm":271,"minecraft:sneak_time":393,"minecraft:total_world_time":55363,"minecraft:walk_under_water_one_cm":8944,"minecraft:fly_one_cm":25209}},"DataVersion":3465}