{"stats":{"minecraft:used":{"minecraft:diamond_boots":1,"minecraft:stone_pickaxe":2,"minecraft:spruce_planks":5,"minecraft:wooden_pickaxe":31,"minecraft:wooden_shovel":18,"minecraft:diamond_axe":6,"minecraft:cooked_salmon":3,"minecraft:rotten_flesh":1,"minecraft:crafting_table":4,"minecraft:diamond_helmet":1,"minecraft:white_bed":1,"minecraft:spruce_fence":1,"minecraft:wooden_axe":16,"minecraft:spruce_sapling":1,"minecraft:stone_axe":1,"minecraft:diamond_sword":17,"fight_or_die:mutated_enderman_head_spawn_egg":2,"minecraft:andesite":8,"chococraft:gysahl_green":11,"minecraft:diamond_leggings":1},"minecraft:picked_up":{"minecraft:wooden_axe":1,"chococraft:loverly_gysahl_green":4,"minecraft:crafting_table":3,"minecraft:salmon":3,"minecraft:andesite":36,"minecraft:diamond_sword":1,"minecraft:wooden_pickaxe":2,"gravestone:obituary":13,"minecraft:dirt":37,"minecraft:cooked_salmon":6,"minecraft:bone":9,"chococraft:gysahl_green":82,"chococraft:gold_gysahl":9,"minecraft:wheat_seeds":2,"minecraft:spruce_planks":9,"minecraft:stone_pickaxe":1,"minecraft:tipped_arrow":2,"minecraft:stick":2,"minecraft:gravel":2,"minecraft:spruce_sapling":4,"chococraft:gysahl_green_seeds":105,"minecraft:white_bed":1,"minecraft:spruce_log":25,"minecraft:rotten_flesh":11,"minecraft:stone_sword":2,"minecraft:arrow":16,"minecraft:diamond_chestplate":1,"minecraft:diamond":21,"minecraft:diamond_axe":1,"minecraft:cobblestone":12},"minecraft:mined":{"minecraft:spruce_planks":9,"minecraft:white_bed":1,"minecraft:crafting_table":3,"gravestone:gravestone":4,"minecraft:grass_block":4,"minecraft:tall_grass":3,"minecraft:spruce_leaves":13,"minecraft:spruce_sapling":1,"minecraft:spruce_log":25,"minecraft:andesite":18,"minecraft:grass":4,"chococraft:gysahl_green":34,"minecraft:gravel":1,"minecraft:dirt":15,"minecraft:stone":13},"minecraft:killed_by":{"minecraft:skeleton":1,"minecraft:stray":4,"minecraft:zombie":3},"minecraft:custom":{"minecraft:mob_kills":4,"minecraft:interact_with_crafting_table":14,"minecraft:leave_game":1,"minecraft:time_since_death":8713,"minecraft:time_since_rest":8749,"minecraft:sprint_one_cm":117490,"minecraft:damage_taken":2513,"minecraft:walk_one_cm":114180,"minecraft:drop":34,"minecraft:damage_dealt":854,"minecraft:swim_one_cm":4631,"minecraft:fly_one_cm":354617,"minecraft:open_chest":4,"minecraft:crouch_one_cm":5182,"minecraft:play_time":56293,"minecraft:deaths":9,"minecraft:sneak_time":3230,"minecraft:walk_under_water_one_cm":740,"minecraft:jump":1518,"minecraft:walk_on_water_one_cm":3883,"minecraft:total_world_time":56293,"minecraft:fall_one_cm":34112},"minecraft:killed":{"minecraft:skeleton":3,"minecraft:zombie":1},"minecraft:dropped":{"chococraft:gold_gysahl":3,"minecraft:diamond":1,"chococraft:gysahl_green_seeds":3,"minecraft:salmon":2,"minecraft:stick":1,"minecraft:cooked_salmon":2,"gravestone:obituary":13,"chococraft:gysahl_green":9},"minecraft:crafted":{"minecraft:wooden_shovel":1,"minecraft:diamond_sword":2,"minecraft:diamond_axe":1,"minecraft:crafting_table":3,"minecraft:spruce_planks":84,"minecraft:wooden_pickaxe":1,"minecraft:stone_axe":1,"minecraft:diamond_helmet":1,"minecraft:diamond_leggings":1,"minecraft:diamond_pickaxe":1,"minecraft:stick":20,"minecraft:stone_pickaxe":1,"minecraft:wooden_axe":1,"minecraft:stone_sword":1,"minecraft:diamond_boots":1,"minecraft:diamond_chestplate":2}},"DataVersion":3465}