{"stats":{"minecraft:mined":{"minecraft:podzol":1,"minecraft:light_gray_carpet":3,"minecraft:red_bed":1,"minecraft:redstone_torch":1,"minecraft:fire":1,"minecraft:sweet_berry_bush":28,"minecraft:white_carpet":10,"minecraft:crafting_table":1,"gravestone:gravestone":2,"minecraft:grass_block":5,"minecraft:grass":20,"chococraft:gysahl_green":27,"minecraft:dirt":1,"minecraft:tall_grass":2,"minecraft:spruce_leaves":1,"minecraft:sugar_cane":2,"minecraft:fern":5},"minecraft:picked_up":{"minecraft:crafting_table":1,"chococraft:loverly_gysahl_green":2,"chococraft:gold_chocobo_spawn_egg":1,"minecraft:azure_bluet":1,"minecraft:sweet_berries":65,"chococraft:chocobo_saddle":1,"gravestone:obituary":1,"chococraft:gysahl_green_seeds":27,"minecraft:spruce_sapling":1,"minecraft:white_carpet":10,"minecraft:red_bed":1,"minecraft:dirt":41,"chococraft:chocobo_feather":2,"minecraft:rotten_flesh":2,"minecraft:bone":2,"minecraft:arrow":1,"chococraft:gysahl_green":73,"minecraft:wheat_seeds":3,"minecraft:redstone_torch":1,"minecraft:light_gray_carpet":3,"minecraft:sugar_cane":5},"minecraft:custom":{"minecraft:time_since_rest":7900,"minecraft:sprint_one_cm":64435,"minecraft:damage_taken":1170,"minecraft:walk_one_cm":71232,"minecraft:mob_kills":9,"minecraft:drop":12,"minecraft:damage_dealt":1933,"minecraft:interact_with_crafting_table":1,"minecraft:fly_one_cm":76185,"minecraft:open_chest":2,"minecraft:crouch_one_cm":2198,"minecraft:play_time":26656,"minecraft:deaths":3,"minecraft:sneak_time":546,"minecraft:jump":611,"minecraft:leave_game":1,"minecraft:time_since_death":7872,"minecraft:walk_on_water_one_cm":266,"minecraft:total_world_time":26656,"minecraft:fall_one_cm":19930},"minecraft:broken":{"minecraft:golden_sword":1},"minecraft:killed":{"minecraft:skeleton":2,"minecraft:zombie":4,"minecraft:spider":1,"minecraft:villager":1},"minecraft:dropped":{"minecraft:dirt":2,"minecraft:sweet_berries":1,"minecraft:wheat_seeds":3,"gravestone:obituary":4,"minecraft:light_gray_carpet":3,"minecraft:azure_bluet":1},"minecraft:used":{"minecraft:redstone_torch":1,"minecraft:spruce_sapling":1,"minecraft:fire_charge":1,"minecraft:rotten_flesh":1,"minecraft:golden_sword":36,"chococraft:gold_chocobo_spawn_egg":1,"minecraft:dirt":39,"minecraft:white_carpet":10,"minecraft:sweet_berries":11,"chococraft:gysahl_green":14},"minecraft:killed_by":{"creeperoverhaul:badlands_creeper":1,"minecraft:skeleton":2}},"DataVersion":3465}