{"stats":{"minecraft:used":{"minecraft:stone_sword":23,"minecraft:stone_pickaxe":11,"minecraft:spruce_planks":5,"minecraft:wooden_pickaxe":10,"minecraft:diamond_axe":1,"minecraft:torch":2,"minecraft:white_wool":1,"minecraft:dirt":1,"chococraft:chocobo_drumstick_cooked":2,"minecraft:crafting_table":2,"minecraft:spruce_sapling":3,"minecraft:diamond_chestplate":1,"minecraft:diamond_sword":55,"minecraft:porkchop":3,"minecraft:furnace":1,"chococraft:gysahl_green":104},"minecraft:picked_up":{"chococraft:loverly_gysahl_green":7,"minecraft:crafting_table":1,"minecraft:salmon":8,"gravestone:obituary":6,"minecraft:dirt":1,"chococraft:chocobo_feather":4,"minecraft:bone":10,"chococraft:gysahl_green":219,"chococraft:gold_gysahl":7,"minecraft:wheat_seeds":1,"minecraft:furnace":1,"minecraft:tipped_arrow":2,"minecraft:stick":2,"minecraft:torch":2,"minecraft:porkchop":3,"minecraft:spruce_sapling":1,"chococraft:gysahl_green_seeds":79,"minecraft:spruce_log":7,"minecraft:arrow":11,"minecraft:rotten_flesh":7,"chococraft:chocobo_drumstick_raw":4,"minecraft:white_wool":2,"minecraft:cobblestone":17},"minecraft:mined":{"minecraft:crafting_table":1,"gravestone:gravestone":12,"minecraft:grass_block":1,"minecraft:tall_grass":5,"minecraft:spruce_leaves":9,"minecraft:wall_torch":2,"minecraft:furnace":1,"minecraft:ice":3,"minecraft:spruce_log":7,"minecraft:grass":13,"chococraft:gysahl_green":83,"minecraft:packed_ice":3,"minecraft:stone":17},"minecraft:killed_by":{"fight_or_die:mutated_enderman_head":6,"fight_or_die:mutated_player":1,"minecraft:skeleton":1,"minecraft:stray":4,"minecraft:zombie":1},"minecraft:custom":{"minecraft:interact_with_furnace":8,"minecraft:mob_kills":23,"minecraft:interact_with_crafting_table":13,"minecraft:leave_game":1,"minecraft:time_since_death":23371,"minecraft:climb_one_cm":70,"minecraft:time_since_rest":23395,"minecraft:sprint_one_cm":235240,"minecraft:damage_taken":4767,"minecraft:walk_one_cm":80654,"minecraft:drop":45,"minecraft:damage_dealt":3747,"minecraft:talked_to_villager":2,"minecraft:swim_one_cm":14137,"minecraft:fly_one_cm":564267,"minecraft:open_chest":1,"minecraft:crouch_one_cm":3223,"minecraft:play_time":55642,"minecraft:deaths":13,"minecraft:sneak_time":759,"minecraft:walk_under_water_one_cm":5643,"minecraft:jump":2215,"minecraft:walk_on_water_one_cm":5240,"minecraft:total_world_time":55642,"minecraft:fall_one_cm":61620},"minecraft:killed":{"minecraft:salmon":6,"minecraft:spider":1,"minecraft:skeleton":3,"minecraft:zombie":3,"minecraft:stray":3,"mutantmonsters:spider_pig":1,"mowziesmobs:naga":1,"chococraft:chocobo":4},"minecraft:dropped":{"minecraft:gravel":1,"chococraft:loverly_gysahl_green":7,"minecraft:wheat_seeds":1,"minecraft:stone_sword":1,"chococraft:gold_gysahl":1,"minecraft:diamond":20,"minecraft:rotten_flesh":7,"chococraft:gysahl_green_seeds":79,"minecraft:salmon":4,"minecraft:stick":1,"minecraft:dirt":18,"minecraft:wooden_axe":1,"minecraft:andesite":18,"minecraft:wooden_shovel":1,"gravestone:obituary":17,"minecraft:spruce_log":1,"minecraft:wooden_pickaxe":1,"minecraft:white_wool":1},"minecraft:crafted":{"minecraft:diamond_sword":1,"chococraft:chocobo_drumstick_cooked":2,"minecraft:diamond_axe":1,"minecraft:crafting_table":2,"minecraft:spruce_planks":28,"minecraft:wooden_pickaxe":1,"minecraft:furnace":1,"minecraft:cooked_salmon":4,"minecraft:air":0,"minecraft:diamond_helmet":1,"minecraft:diamond_leggings":1,"minecraft:spruce_slab":6,"minecraft:stick":8,"minecraft:stone_pickaxe":1,"minecraft:stone_sword":1,"minecraft:diamond_boots":1,"minecraft:diamond_chestplate":1}},"DataVersion":3465}