{"stats":{"minecraft:used":{"minecraft:wooden_axe":29,"minecraft:stone_sword":25,"minecraft:bread":15,"minecraft:oak_planks":8,"minecraft:iron_pickaxe":14,"minecraft:shield":1,"minecraft:dirt":17,"minecraft:crafting_table":3},"minecraft:picked_up":{"minecraft:stick":4,"minecraft:raw_iron":1,"minecraft:sweet_berries":23,"minecraft:salmon":1,"minecraft:oak_log":6,"minecraft:pointed_dripstone":1,"minecraft:string":3,"minecraft:dirt":17,"minecraft:wheat_seeds":12,"minecraft:hay_block":13,"minecraft:beef":3,"minecraft:iron_ingot":4,"minecraft:mutton":2,"minecraft:poppy":1,"minecraft:black_wool":1,"minecraft:oak_sapling":1,"minecraft:sugar_cane":16,"minecraft:coal":5,"minecraft:oak_planks":5,"minecraft:cobblestone":5},"minecraft:mined":{"minecraft:hay_block":13,"minecraft:iron_ore":1,"minecraft:sweet_berry_bush":8,"minecraft:ice":1,"gravestone:gravestone":2,"minecraft:grass":30,"minecraft:pointed_dripstone":1,"minecraft:coal_ore":5,"minecraft:oak_log":6,"minecraft:packed_ice":1,"minecraft:tall_grass":6,"minecraft:cobblestone":3,"minecraft:stone":2,"minecraft:sugar_cane":5,"minecraft:oak_planks":4,"minecraft:oak_leaves":1},"minecraft:custom":{"minecraft:time_since_rest":24526,"minecraft:sprint_one_cm":100916,"minecraft:damage_taken":530,"minecraft:walk_one_cm":42574,"minecraft:damage_blocked_by_shield":45,"minecraft:mob_kills":8,"minecraft:drop":2,"minecraft:damage_dealt":2323,"minecraft:swim_one_cm":32131,"minecraft:interact_with_crafting_table":10,"minecraft:fly_one_cm":326970,"minecraft:open_chest":10,"minecraft:crouch_one_cm":876,"minecraft:play_time":32826,"minecraft:bell_ring":11,"minecraft:sneak_time":643,"minecraft:walk_under_water_one_cm":1435,"minecraft:jump":1000,"minecraft:leave_game":1,"minecraft:walk_on_water_one_cm":5208,"minecraft:time_since_death":32826,"minecraft:climb_one_cm":204,"minecraft:sleep_in_bed":1,"minecraft:total_world_time":32826,"minecraft:fall_one_cm":18406},"minecraft:killed":{"creeperoverhaul:snowy_creeper":1,"minecraft:sheep":1,"minecraft:zombie":2,"minecraft:spider":2,"minecraft:iron_golem":1,"minecraft:cow":1},"minecraft:dropped":{"minecraft:wheat_seeds":2},"minecraft:crafted":{"minecraft:oak_planks":24,"minecraft:stone_shovel":1,"minecraft:shield":1,"minecraft:crafting_table":3,"minecraft:spruce_planks":8,"minecraft:stick":8,"minecraft:wooden_pickaxe":1,"minecraft:iron_pickaxe":1,"minecraft:wooden_axe":1,"minecraft:stone_sword":1,"minecraft:bread":39,"minecraft:wheat":117}},"DataVersion":3465}